 ,Track no,Slice no,X,Y,Distance,Velocity,Pixel Value
1,1,1,254,1,-1,-1,32211
2,1,2,256,1,0.258,0.129,23522
3,1,3,260,2,0.532,0.266,17448
4,1,4,262,3,0.288,0.144,15611
5,1,5,266,3,0.516,0.258,15598
6,1,6,266,3,0,0,16052
7,1,7,268,3,0.258,0.129,17553
8,1,8,270,3,0.258,0.129,16843
9,1,9,272,3,0.258,0.129,13090
10,1,10,269,3,0.387,0.194,15913
11,1,11,268,3,0.129,0.065,13176
12,1,12,266,2,0.288,0.144,20109
13,1,13,266,2,0,0,26470
14,1,14,266,2,0,0,10162
15,1,15,270,2,0.516,0.258,18399
16,1,16,270,6,0.516,0.258,11051
17,1,17,269,16,1.296,0.648,16794
18,1,18,277,22,1.29,0.645,11522
19,1,19,276,28,0.785,0.392,14362
20,1,20,279,34,0.865,0.433,10007
21,1,21,285,41,1.189,0.595,13157
22,1,22,290,50,1.328,0.664,10985
23,1,23,298,61,1.755,0.877,9865
24,1,24,304,76,2.084,1.042,8611
25,1,25,303,90,1.811,0.905,10901
26,1,26,300,98,1.102,0.551,12620
27,1,27,284,104,2.204,1.102,13667
28,1,28,268,120,2.919,1.459,17122
29,1,29,258,132,2.015,1.008,15019
30,1,30,257,129,0.408,0.204,26412
31,1,31,279,112,3.587,1.793,23142
32,1,32,298,92,3.559,1.779,25885
33,1,33,318,75,3.386,1.693,16787
34,1,34,338,76,2.583,1.292,12469
35,1,35,322,76,2.064,1.032,21007
36,1,36,292,98,4.799,2.4,42887
37,1,37,261,130,5.747,2.874,52273
38,1,38,253,182,6.787,3.393,43806
39,1,39,245,213,4.13,2.065,52825
40,1,40,234,220,1.682,0.841,34156
41,1,41,256,160,8.244,4.122,57597
42,1,42,262,136,3.191,1.596,33778
43,1,43,274,111,3.577,1.789,38640
44,1,44,286,98,2.282,1.141,35176
45,1,45,279,115,2.372,1.186,38832
46,1,46,266,154,5.303,2.652,35311
47,1,47,290,127,4.66,2.33,32322
48,1,48,290,136,1.161,0.581,26323
49,1,49,286,152,2.128,1.064,31923
50,1,50,264,159,2.978,1.489,27399
51,1,51,262,154,0.695,0.347,29545
52,1,52,262,154,0,0,21948
53,1,53,264,152,0.365,0.182,21133
54,1,54,259,146,1.008,0.504,16541
55,1,55,254,127,2.534,1.267,25486
56,1,56,248,122,1.008,0.504,35887
57,1,57,247,124,0.288,0.144,23283
58,1,58,242,115,1.328,0.664,31448
59,1,59,232,107,1.652,0.826,32434
60,1,60,226,105,0.816,0.408,65281
61,1,61,214,102,1.596,0.798,65258
62,1,62,212,109,0.939,0.47,38149
63,1,63,201,112,1.471,0.735,30576
64,1,64,190,114,1.442,0.721,28509
65,1,65,185,110,0.826,0.413,23395
66,1,66,183,102,1.064,0.532,23329
67,1,67,173,93,1.736,0.868,22262
68,1,68,170,82,1.471,0.735,20014
69,1,69,161,73,1.642,0.821,20104
70,1,70,149,66,1.792,0.896,21400
71,1,71,149,66,0,0,18660
72,1,72,132,65,2.197,1.098,20898
73,1,73,119,59,1.847,0.923,24469
74,3,1,190,10,-1,-1,31167
75,3,2,190,10,0,0,15536
76,3,3,192,10,0.258,0.129,13695
77,3,4,194,10,0.258,0.129,13886
78,3,5,194,10,0,0,13130
79,3,6,194,10,0,0,13284
80,3,7,194,10,0,0,11772
81,3,8,194,10,0,0,10999
82,3,9,194,13,0.387,0.194,12729
83,3,10,186,12,1.04,0.52,9776
84,3,11,186,12,0,0,10246
85,3,12,186,12,0,0,13009
86,3,13,192,10,0.816,0.408,9974
87,3,14,188,10,0.516,0.258,15933
88,3,15,188,10,0,0,12157
89,3,16,188,10,0,0,14498
90,3,17,190,12,0.365,0.182,11351
91,3,18,190,12,0,0,12937
92,3,19,190,12,0,0,13369
93,3,20,189,12,0.129,0.065,13078
94,3,21,189,12,0,0,12841
95,3,22,189,12,0,0,12059
96,3,23,189,12,0,0,15805
97,3,24,188,16,0.532,0.266,17849
98,3,25,190,16,0.258,0.129,18554
99,3,26,190,16,0,0,19203
100,3,27,190,16,0,0,19976
101,3,28,188,15,0.288,0.144,20323
102,3,29,188,15,0,0,20855
103,3,30,189,15,0.129,0.065,20360
104,3,31,188,12,0.408,0.204,17143
105,3,32,186,13,0.288,0.144,16071
106,3,33,184,13,0.258,0.129,18515
107,3,34,184,13,0,0,16386
108,3,35,185,13,0.129,0.065,17205
109,3,36,186,12,0.182,0.091,20574
110,3,37,186,12,0,0,16181
111,3,38,186,12,0,0,17810
112,3,39,186,12,0,0,19690
113,3,40,187,12,0.129,0.065,24290
114,3,41,186,12,0.129,0.065,20467
115,3,42,182,12,0.516,0.258,13709
116,3,43,184,12,0.258,0.129,20449
117,3,44,184,12,0,0,19319
118,3,45,187,14,0.465,0.233,25207
119,3,46,187,14,0,0,30316
120,3,47,187,13,0.129,0.065,21532
121,3,48,185,11,0.365,0.182,23221
122,3,49,186,12,0.182,0.091,24279
123,3,50,186,12,0,0,25210
124,3,51,186,12,0,0,26454
125,3,52,188,13,0.288,0.144,28262
126,3,53,187,13,0.129,0.065,28461
127,3,54,187,13,0,0,29951
128,3,55,187,13,0,0,32076
129,3,56,187,13,0,0,28308
130,3,57,187,13,0,0,32865
131,3,58,187,13,0,0,27376
132,3,59,187,13,0,0,30899
133,3,60,187,13,0,0,33747
134,3,61,187,13,0,0,28385
135,3,62,187,13,0,0,28215
136,3,63,187,13,0,0,26406
137,3,64,187,13,0,0,31029
138,3,65,187,13,0,0,27786
139,3,66,187,13,0,0,30169
140,3,67,187,13,0,0,31072
141,3,68,187,13,0,0,27628
142,3,69,187,13,0,0,33782
143,3,70,187,13,0,0,32329
144,3,71,187,13,0,0,32263
145,3,72,187,13,0,0,30120
146,3,73,187,13,0,0,35072
147,5,1,150,58,-1,-1,41759
148,5,2,150,58,0,0,38316
149,5,3,150,58,0,0,32586
150,5,4,151,58,0.129,0.065,31076
151,5,5,152,62,0.532,0.266,27998
152,5,6,152,64,0.258,0.129,21965
153,5,7,152,66,0.258,0.129,22578
154,5,8,152,68,0.258,0.129,19096
155,5,9,144,63,1.217,0.608,21509
156,5,10,145,62,0.182,0.091,16958
157,5,11,142,60,0.465,0.233,17876
158,5,12,140,57,0.465,0.233,18080
159,5,13,140,59,0.258,0.129,20285
160,5,14,138,60,0.288,0.144,18670
161,5,15,132,66,1.095,0.547,23273
162,5,16,132,66,0,0,21211
163,5,17,129,66,0.387,0.194,19073
164,5,18,126,67,0.408,0.204,23824
165,5,19,123,67,0.387,0.194,28330
166,5,20,118,72,0.912,0.456,25018
167,5,21,120,74,0.365,0.182,26117
168,5,22,121,78,0.532,0.266,32222
169,5,23,124,82,0.645,0.323,36643
170,5,24,123,89,0.912,0.456,37270
171,5,25,132,92,1.224,0.612,39215
172,5,26,139,96,1.04,0.52,35816
173,5,27,146,98,0.939,0.47,34618
174,5,28,152,99,0.785,0.392,38754
175,5,29,160,99,1.032,0.516,38880
176,5,30,168,98,1.04,0.52,40129
177,5,31,180,96,1.569,0.785,37514
178,5,32,185,93,0.752,0.376,37033
179,5,33,190,92,0.658,0.329,41671
180,5,34,194,92,0.516,0.258,35294
181,5,35,200,86,1.095,0.547,29521
182,5,36,204,83,0.645,0.323,38232
183,5,37,206,83,0.258,0.129,46623
184,5,38,211,81,0.695,0.347,39887
185,5,39,212,78,0.408,0.204,47479
186,5,40,214,74,0.577,0.288,39709
187,5,41,214,70,0.516,0.258,38072
188,5,42,214,72,0.258,0.129,48111
189,5,43,214,67,0.645,0.323,37956
190,5,44,214,66,0.129,0.065,44627
191,5,45,214,64,0.258,0.129,46472
192,5,46,219,62,0.695,0.347,49228
193,5,47,219,57,0.645,0.323,38664
194,5,48,218,62,0.658,0.329,52616
195,5,49,222,60,0.577,0.288,40671
196,5,50,222,58,0.258,0.129,44844
197,5,51,222,58,0,0,40389
198,5,52,218,58,0.516,0.258,34859
199,5,53,222,58,0.516,0.258,35355
200,5,54,224,58,0.258,0.129,39628
201,5,55,228,52,0.93,0.465,45395
202,5,56,231,50,0.465,0.233,50134
203,5,57,235,47,0.645,0.323,47793
204,5,58,234,44,0.408,0.204,58437
205,5,59,231,42,0.465,0.233,53653
206,5,60,227,46,0.73,0.365,44277
207,5,61,228,45,0.182,0.091,48988
208,5,62,228,43,0.258,0.129,42916
209,5,63,232,43,0.516,0.258,45607
210,5,64,233,42,0.182,0.091,42330
211,5,65,234,39,0.408,0.204,55459
212,5,66,231,42,0.547,0.274,43159
213,5,67,234,39,0.547,0.274,51585
214,5,68,237,34,0.752,0.376,43278
215,5,69,232,34,0.645,0.323,43287
216,5,70,236,34,0.516,0.258,44708
217,5,71,238,30,0.577,0.288,48851
218,5,72,235,28,0.465,0.233,45580
219,5,73,235,28,0,0,45063
220,7,1,212,50,-1,-1,31132
221,7,2,212,50,0,0,31146
222,7,3,212,50,0,0,26712
223,7,4,214,50,0.258,0.129,21927
224,7,5,214,51,0.129,0.065,24381
225,7,6,216,52,0.288,0.144,15302
226,7,7,218,52,0.258,0.129,14115
227,7,8,219,53,0.182,0.091,12875
228,7,9,219,53,0,0,11865
229,7,10,219,53,0,0,12312
230,7,11,219,53,0,0,11886
231,7,12,219,54,0.129,0.065,11182
232,7,13,218,54,0.129,0.065,11618
233,7,14,214,60,0.93,0.465,20025
234,7,15,217,56,0.645,0.323,18520
235,7,16,220,56,0.387,0.194,14962
236,7,17,221,56,0.129,0.065,10983
237,7,18,221,57,0.129,0.065,19248
238,7,19,223,54,0.465,0.233,10237
239,7,20,223,53,0.129,0.065,14452
240,7,21,224,53,0.129,0.065,16141
241,7,22,226,52,0.288,0.144,11336
242,7,23,226,49,0.387,0.194,13139
243,7,24,230,49,0.516,0.258,16019
244,7,25,231,50,0.182,0.091,14953
245,7,26,234,50,0.387,0.194,13773
246,7,27,236,52,0.365,0.182,17397
247,7,28,239,53,0.408,0.204,14557
248,7,29,239,53,0,0,17722
249,7,30,242,53,0.387,0.194,13100
250,7,31,243,50,0.408,0.204,14039
251,7,32,242,50,0.129,0.065,13441
252,7,33,242,47,0.387,0.194,17870
253,7,34,246,46,0.532,0.266,22375
254,7,35,254,32,2.08,1.04,15431
255,7,36,250,25,1.04,0.52,20488
256,7,37,253,16,1.224,0.612,21421
257,7,38,257,8,1.154,0.577,17724
258,7,39,261,5,0.645,0.323,20985
259,7,40,269,5,1.032,0.516,25660
260,7,41,273,4,0.532,0.266,19749
261,7,42,277,4,0.516,0.258,21274
262,7,43,282,4,0.645,0.323,17051
263,7,44,286,4,0.516,0.258,19254
264,7,45,292,5,0.785,0.392,21911
265,7,46,296,3,0.577,0.288,20247
266,7,47,300,3,0.516,0.258,22704
267,7,48,306,3,0.774,0.387,26222
268,7,49,310,1,0.577,0.288,23352
269,7,50,311,1,0.129,0.065,26975
270,7,51,311,2,0.129,0.065,28000
271,7,52,314,2,0.387,0.194,29738
272,7,53,314,2,0,0,24455
273,7,54,314,2,0,0,22522
274,7,55,317,2,0.387,0.194,20574
275,7,56,319,2,0.258,0.129,26812
276,7,57,320,1,0.182,0.091,21551
277,7,58,328,1,1.032,0.516,21635
278,7,59,329,1,0.129,0.065,21402
279,7,60,333,1,0.516,0.258,19756
280,7,61,332,2,0.182,0.091,21690
281,7,62,334,1,0.288,0.144,21818
282,7,63,343,1,1.161,0.581,20363
283,7,64,350,1,0.903,0.452,26524
284,7,65,354,1,0.516,0.258,23279
285,7,66,352,1,0.258,0.129,19978
286,7,67,358,1,0.774,0.387,31292
287,7,68,362,2,0.532,0.266,25681
288,7,69,368,2,0.774,0.387,25910
289,7,70,368,3,0.129,0.065,19244
290,7,71,368,1,0.258,0.129,27574
291,7,72,370,2,0.288,0.144,28669
292,7,73,368,5,0.465,0.233,21183
293,9,1,508,5,-1,-1,41308
294,9,2,510,0,0.695,0.347,22464
295,10,1,361,104,-1,-1,55498
296,10,2,350,84,2.944,1.472,52875
297,10,3,359,82,1.189,0.595,65510
298,10,4,351,96,2.08,1.04,65516
299,10,5,362,100,1.51,0.755,47749
300,10,6,362,94,0.774,0.387,41728
301,10,7,364,82,1.569,0.785,36374
302,10,8,360,84,0.577,0.288,24591
303,10,9,354,86,0.816,0.408,18840
304,10,10,350,82,0.73,0.365,18431
305,10,11,354,81,0.532,0.266,20881
306,10,12,353,81,0.129,0.065,18257
307,10,13,348,81,0.645,0.323,16759
308,10,14,330,87,2.448,1.224,18708
309,10,15,288,112,6.305,3.153,33981
310,10,16,255,148,6.3,3.15,44786
311,10,17,246,176,3.794,1.897,49131
312,10,18,231,205,4.212,2.106,47185
313,10,19,241,260,7.211,3.606,48338
314,10,20,264,292,5.084,2.542,60807
315,10,21,281,304,2.684,1.342,48339
316,10,22,304,307,2.992,1.496,45581
317,10,23,359,310,7.106,3.553,39791
318,10,24,388,296,4.154,2.077,32082
319,10,25,399,276,2.944,1.472,37294
320,10,26,394,272,0.826,0.413,30138
321,10,27,384,245,3.714,1.857,48680
322,10,28,341,226,6.064,3.032,65510
323,10,29,320,240,3.256,1.628,49242
324,10,30,298,276,5.443,2.721,61520
325,10,31,303,284,1.217,0.608,47457
326,10,32,314,272,2.1,1.05,36421
327,10,33,324,260,2.015,1.008,30113
328,10,34,325,255,0.658,0.329,33074
329,10,35,329,254,0.532,0.266,32780
330,10,36,330,253,0.182,0.091,28668
331,10,37,318,255,1.569,0.785,39149
332,10,38,311,254,0.912,0.456,34968
333,10,39,304,254,0.903,0.452,39426
334,10,40,306,252,0.365,0.182,31362
335,10,41,306,250,0.258,0.129,35023
336,10,42,305,251,0.182,0.091,38459
337,10,43,298,249,0.939,0.47,49801
338,10,44,296,250,0.288,0.144,65513
339,10,45,280,260,2.434,1.217,65515
340,10,46,280,258,0.258,0.129,41120
341,10,47,272,246,1.86,0.93,31230
342,10,48,269,240,0.865,0.433,31038
343,10,49,260,224,2.368,1.184,26445
344,10,50,251,210,2.147,1.073,25161
345,10,51,250,204,0.785,0.392,20072
346,10,52,244,203,0.785,0.392,24798
347,10,53,244,201,0.258,0.129,23173
348,10,54,243,198,0.408,0.204,22021
349,10,55,238,189,1.328,0.664,21364
350,10,56,228,180,1.736,0.868,21119
351,10,57,228,178,0.258,0.129,21617
352,10,58,228,174,0.516,0.258,24898
353,10,59,226,172,0.365,0.182,22758
354,10,60,224,163,1.189,0.595,24297
355,10,61,216,158,1.217,0.608,23653
356,10,62,210,156,0.816,0.408,24805
357,10,63,205,155,0.658,0.329,27441
358,10,64,202,157,0.465,0.233,17260
359,10,65,197,155,0.695,0.347,25307
360,10,66,196,155,0.129,0.065,18813
361,10,67,194,154,0.288,0.144,23866
362,10,68,198,152,0.577,0.288,30469
363,10,69,204,146,1.095,0.547,26405
364,10,70,206,135,1.442,0.721,30525
365,10,71,204,121,1.824,0.912,32359
366,10,72,198,112,1.395,0.698,43438
367,10,73,193,109,0.752,0.376,33461
368,12,1,380,205,-1,-1,53461
369,12,2,378,238,4.265,2.132,61057
370,12,3,369,250,1.935,0.968,29823
371,12,4,360,249,1.168,0.584,45183
372,12,5,352,247,1.064,0.532,31640
373,12,6,344,252,1.217,0.608,36495
374,12,7,340,248,0.73,0.365,19871
375,12,8,336,246,0.577,0.288,24140
376,12,9,334,251,0.695,0.347,28138
377,12,10,332,260,1.189,0.595,15200
378,12,11,325,278,2.491,1.246,17413
379,12,12,325,296,2.322,1.161,18373
380,12,13,319,310,1.965,0.982,18629
381,12,14,321,329,2.465,1.232,17865
382,12,15,326,356,3.542,1.771,15910
383,12,16,325,376,2.583,1.292,16287
384,12,17,326,390,1.811,0.905,15605
385,12,18,321,398,1.217,0.608,11012
386,12,19,314,408,1.575,0.787,11915
387,12,20,308,422,1.965,0.982,20570
388,12,21,309,432,1.296,0.648,18393
389,12,22,306,437,0.752,0.376,16928
390,12,23,300,436,0.785,0.392,13305
391,12,24,291,432,1.271,0.635,11622
392,12,25,292,422,1.296,0.648,14992
393,12,26,290,406,2.08,1.04,11134
394,12,27,292,392,1.824,0.912,11911
395,12,28,302,376,2.434,1.217,9148
396,12,29,311,361,2.257,1.128,6539
397,12,30,316,350,1.559,0.779,9071
398,12,31,316,345,0.645,0.323,11840
399,12,32,312,341,0.73,0.365,10285
400,12,33,306,342,0.785,0.392,15859
401,12,34,296,343,1.296,0.648,16218
402,12,35,293,342,0.408,0.204,9805
403,12,36,294,343,0.182,0.091,12070
404,12,37,284,339,1.389,0.695,17279
405,12,38,269,331,2.193,1.097,11602
406,12,39,258,331,1.419,0.71,16247
407,12,40,256,328,0.465,0.233,15814
408,12,41,250,332,0.93,0.465,22724
409,12,42,257,328,1.04,0.52,11014
410,12,43,257,326,0.258,0.129,14187
411,12,44,253,322,0.73,0.365,14769
412,12,45,246,317,1.11,0.555,15119
413,12,46,238,316,1.04,0.52,25530
414,12,47,235,306,1.347,0.673,65512
415,12,48,210,293,3.635,1.817,65505
416,12,49,205,293,0.645,0.323,25067
417,12,50,206,302,1.168,0.584,21456
418,12,51,207,308,0.785,0.392,18592
419,12,52,205,308,0.258,0.129,15724
420,12,53,203,302,0.816,0.408,13321
421,12,54,204,296,0.785,0.392,14814
422,12,55,204,290,0.774,0.387,16791
423,12,56,208,285,0.826,0.413,16037
424,12,57,215,286,0.912,0.456,15456
425,12,58,219,287,0.532,0.266,15671
426,12,59,224,289,0.695,0.347,20224
427,12,60,232,292,1.102,0.551,14358
428,12,61,234,288,0.577,0.288,20710
429,12,62,234,280,1.032,0.516,23917
430,12,63,234,274,0.774,0.387,22110
431,12,64,233,272,0.288,0.144,20842
432,12,65,233,272,0,0,14999
433,12,66,232,267,0.658,0.329,24767
434,12,67,230,261,0.816,0.408,18394
435,12,68,229,254,0.912,0.456,16330
436,12,69,226,238,2.1,1.05,23546
437,12,70,225,234,0.532,0.266,35603
438,12,71,220,223,1.559,0.779,34718
439,12,72,220,218,0.645,0.323,22583
440,12,73,214,204,1.965,0.982,28582
441,15,1,10,97,-1,-1,37932
442,15,2,15,101,0.826,0.413,49116
443,15,3,16,102,0.182,0.091,32063
444,15,4,14,94,1.064,0.532,23079
445,15,5,10,89,0.826,0.413,10840
446,15,6,6,89,0.516,0.258,9170
447,16,1,8,144,-1,-1,32884
448,16,2,10,150,0.816,0.408,31360
449,16,3,12,149,0.288,0.144,32194
450,16,4,12,150,0.129,0.065,24185
451,16,5,14,151,0.288,0.144,20362
452,16,6,19,156,0.912,0.456,25948
453,16,7,22,157,0.408,0.204,19224
454,16,8,26,162,0.826,0.413,19512
455,16,9,31,164,0.695,0.347,27111
456,16,10,32,168,0.532,0.266,24510
457,16,11,36,170,0.577,0.288,21857
458,16,12,34,171,0.288,0.144,20990
459,16,13,39,171,0.645,0.323,17196
460,16,14,41,172,0.288,0.144,21544
461,16,15,42,172,0.129,0.065,20585
462,16,16,46,174,0.577,0.288,28984
463,16,17,46,170,0.516,0.258,25755
464,16,18,47,163,0.912,0.456,24619
465,16,19,42,160,0.752,0.376,23062
466,16,20,38,156,0.73,0.365,32527
467,16,21,24,157,1.811,0.905,36474
468,16,22,12,157,1.548,0.774,43059
469,16,23,12,149,1.032,0.516,35536
470,16,24,10,140,1.189,0.595,39585
471,16,25,2,131,1.553,0.777,11797
472,17,1,30,201,-1,-1,27587
473,17,2,29,206,0.658,0.329,28006
474,17,3,35,209,0.865,0.433,23017
475,17,4,36,214,0.658,0.329,23859
476,17,5,44,215,1.04,0.52,18302
477,17,6,50,212,0.865,0.433,15244
478,17,7,58,214,1.064,0.532,19018
479,17,8,62,212,0.577,0.288,17875
480,17,9,62,210,0.258,0.129,17413
481,17,10,69,211,0.912,0.456,14371
482,17,11,80,211,1.419,0.71,20460
483,17,12,88,211,1.032,0.516,21795
484,17,13,96,210,1.04,0.52,21207
485,17,14,102,206,0.93,0.465,26376
486,17,15,110,202,1.154,0.577,21402
487,17,16,112,202,0.258,0.129,27874
488,17,17,112,196,0.774,0.387,25938
489,17,18,114,192,0.577,0.288,20726
490,17,19,107,194,0.939,0.47,20933
491,17,20,104,196,0.465,0.233,20181
492,17,21,102,198,0.365,0.182,24649
493,17,22,98,197,0.532,0.266,24060
494,17,23,98,195,0.258,0.129,23412
495,17,24,94,194,0.532,0.266,22272
496,17,25,87,188,1.189,0.595,21818
497,17,26,77,184,1.389,0.695,30795
498,17,27,73,179,0.826,0.413,30985
499,17,28,65,173,1.29,0.645,25153
500,17,29,62,168,0.752,0.376,32835
501,17,30,62,174,0.774,0.387,50820
502,17,31,58,180,0.93,0.465,57243
503,17,32,50,200,2.779,1.389,58501
504,17,33,44,192,1.29,0.645,45025
505,17,34,49,192,0.645,0.323,25823
506,17,35,57,191,1.04,0.52,19629
507,17,36,62,192,0.658,0.329,17082
508,17,37,60,192,0.258,0.129,13392
509,17,38,60,196,0.516,0.258,14702
510,17,39,60,198,0.258,0.129,15544
511,17,40,60,200,0.258,0.129,18233
512,17,41,60,200,0,0,19304
513,17,42,59,194,0.785,0.392,15302
514,17,43,55,188,0.93,0.465,22715
515,17,44,52,179,1.224,0.612,18704
516,17,45,53,178,0.182,0.091,17325
517,17,46,54,180,0.288,0.144,16698
518,17,47,52,186,0.816,0.408,17007
519,17,48,49,192,0.865,0.433,14830
520,17,49,49,192,0,0,13684
521,17,50,50,192,0.129,0.065,16178
522,17,51,52,189,0.465,0.233,12599
523,17,52,57,190,0.658,0.329,18013
524,17,53,65,188,1.064,0.532,20647
525,17,54,68,181,0.982,0.491,21453
526,17,55,73,176,0.912,0.456,21100
527,17,56,77,171,0.826,0.413,25521
528,17,57,80,170,0.408,0.204,30911
529,17,58,82,170,0.258,0.129,25170
530,17,59,86,168,0.577,0.288,23136
531,17,60,84,168,0.258,0.129,25717
532,17,61,82,170,0.365,0.182,20562
533,17,62,82,170,0,0,18148
534,17,63,82,170,0,0,18594
535,17,64,76,169,0.785,0.392,21373
536,17,65,78,167,0.365,0.182,23741
537,17,66,78,167,0,0,33808
538,17,67,75,165,0.465,0.233,52094
539,17,68,74,162,0.408,0.204,51238
540,17,69,60,165,1.847,0.923,53430
541,17,70,60,170,0.645,0.323,28940
542,17,71,58,176,0.816,0.408,20800
543,17,72,60,176,0.258,0.129,16214
544,17,73,58,177,0.288,0.144,19926
545,19,1,11,229,-1,-1,31722
546,19,2,10,230,0.182,0.091,23781
547,19,3,15,235,0.912,0.456,24560
548,19,4,22,240,1.11,0.555,15096
549,19,5,29,243,0.982,0.491,14093
550,19,6,46,245,2.208,1.104,11318
551,19,7,56,244,1.296,0.648,13573
552,19,8,60,244,0.516,0.258,20827
553,19,9,68,240,1.154,0.577,20292
554,19,10,76,240,1.032,0.516,21404
555,19,11,89,239,1.682,0.841,21019
556,19,12,95,241,0.816,0.408,20562
557,19,13,104,240,1.168,0.584,22325
558,19,14,114,238,1.316,0.658,18507
559,19,15,124,238,1.29,0.645,22088
560,19,16,127,241,0.547,0.274,18789
561,19,17,130,241,0.387,0.194,17976
562,19,18,134,241,0.516,0.258,19559
563,19,19,136,241,0.258,0.129,16370
564,19,20,133,242,0.408,0.204,21800
565,19,21,129,241,0.532,0.266,18946
566,19,22,128,240,0.182,0.091,21654
567,19,23,128,240,0,0,19127
568,19,24,128,240,0,0,20080
569,19,25,129,243,0.408,0.204,24545
570,19,26,129,248,0.645,0.323,25781
571,19,27,128,244,0.532,0.266,22200
572,19,28,126,247,0.465,0.233,24296
573,19,29,126,246,0.129,0.065,29776
574,19,30,128,246,0.258,0.129,24766
575,19,31,123,251,0.912,0.456,56026
576,19,32,124,251,0.129,0.065,65511
577,19,33,123,235,2.068,1.034,57685
578,19,34,120,242,0.982,0.491,37096
579,19,35,120,248,0.774,0.387,34760
580,19,36,119,244,0.532,0.266,27115
581,19,37,117,218,3.364,1.682,35178
582,19,38,113,202,2.128,1.064,25758
583,19,39,111,192,1.316,0.658,23262
584,19,40,110,186,0.785,0.392,19102
585,19,41,109,182,0.532,0.266,25666
586,19,42,109,182,0,0,22828
587,19,43,109,180,0.258,0.129,21728
588,19,44,108,177,0.408,0.204,25800
589,19,45,104,174,0.645,0.323,23811
590,19,46,100,174,0.516,0.258,23833
591,19,47,92,173,1.04,0.52,24321
592,19,48,92,172,0.129,0.065,26983
593,19,49,94,168,0.577,0.288,30269
594,19,50,94,167,0.129,0.065,24807
595,19,51,92,167,0.258,0.129,23259
596,19,52,96,164,0.645,0.323,20362
597,19,53,101,158,1.008,0.504,22890
598,19,54,104,154,0.645,0.323,21363
599,19,55,110,152,0.816,0.408,24931
600,19,56,115,148,0.826,0.413,27514
601,19,57,116,147,0.182,0.091,24175
602,19,58,122,138,1.395,0.698,42665
603,19,59,120,130,1.064,0.532,30339
604,19,60,120,132,0.258,0.129,24068
605,19,61,122,128,0.577,0.288,22351
606,19,62,120,118,1.316,0.658,24645
607,19,63,121,112,0.785,0.392,30696
608,19,64,117,106,0.93,0.465,29030
609,19,65,118,106,0.129,0.065,26693
610,19,66,116,102,0.577,0.288,21868
611,19,67,111,107,0.912,0.456,26319
612,19,68,111,105,0.258,0.129,27603
613,19,69,116,101,0.826,0.413,27959
614,19,70,115,102,0.182,0.091,32624
615,19,71,113,101,0.288,0.144,38648
616,19,72,110,93,1.102,0.551,65357
617,19,73,100,85,1.652,0.826,65347
618,21,1,482,247,-1,-1,33863
619,21,2,484,244,0.465,0.233,39937
620,21,3,488,241,0.645,0.323,38879
621,21,4,491,233,1.102,0.551,35247
622,21,5,498,226,1.277,0.639,18201
623,21,6,502,218,1.154,0.577,37171
624,21,7,498,208,1.389,0.695,34157
625,21,8,498,211,0.387,0.194,21629
626,21,9,498,209,0.258,0.129,24207
627,21,10,498,210,0.129,0.065,26630
628,21,11,496,214,0.577,0.288,11336
629,21,12,498,218,0.577,0.288,14532
630,21,13,498,226,1.032,0.516,16046
631,21,14,498,234,1.032,0.516,21152
632,21,15,491,230,1.04,0.52,21500
633,21,16,498,220,1.575,0.787,65499
634,21,17,492,212,1.29,0.645,60762
635,21,18,502,209,1.347,0.673,20491
636,21,19,504,206,0.465,0.233,18910
637,21,20,498,209,0.865,0.433,23025
638,21,21,488,217,1.652,0.826,19301
639,21,22,473,226,2.257,1.128,16962
640,21,23,474,224,0.288,0.144,22305
641,21,24,489,213,2.4,1.2,18656
642,21,25,500,203,1.918,0.959,19980
643,21,26,507,206,0.982,0.491,17572
644,21,27,510,197,1.224,0.612,17866
645,21,28,510,196,0.129,0.065,17919
646,21,29,511,192,0.532,0.266,12859
647,21,30,509,189,0.465,0.233,19333
648,21,31,509,188,0.129,0.065,19476
649,21,32,504,182,1.008,0.504,11607
650,21,33,506,183,0.288,0.144,11881
651,21,34,506,182,0.129,0.065,18986
652,21,35,510,178,0.73,0.365,10321
653,21,36,510,174,0.516,0.258,11255
654,21,37,508,174,0.258,0.129,15576
655,21,38,502,170,0.93,0.465,15395
656,21,39,500,176,0.816,0.408,16857
657,21,40,498,176,0.258,0.129,15446
658,21,41,497,178,0.288,0.144,15054
659,21,42,488,186,1.553,0.777,15198
660,21,43,477,185,1.425,0.712,17951
661,21,44,472,188,0.752,0.376,27342
662,21,45,465,182,1.189,0.595,21684
663,21,46,465,181,0.129,0.065,24895
664,21,47,465,178,0.387,0.194,18921
665,21,48,466,178,0.129,0.065,22007
666,21,49,470,174,0.73,0.365,19051
667,21,50,468,171,0.465,0.233,22659
668,21,51,468,166,0.645,0.323,25159
669,21,52,471,157,1.224,0.612,21935
670,21,53,472,154,0.408,0.204,29171
671,21,54,472,150,0.516,0.258,21817
672,21,55,471,150,0.129,0.065,24338
673,21,56,476,151,0.658,0.329,18927
674,21,57,478,148,0.465,0.233,26604
675,21,58,481,146,0.465,0.233,25476
676,21,59,483,135,1.442,0.721,19916
677,21,60,484,124,1.425,0.712,25241
678,21,61,484,124,0,0,23803
679,21,62,488,114,1.389,0.695,18437
680,21,63,490,108,0.816,0.408,20883
681,21,64,498,102,1.29,0.645,26626
682,21,65,498,106,0.516,0.258,65370
683,21,66,497,110,0.532,0.266,50731
684,21,67,501,116,0.93,0.465,26610
685,21,68,510,114,1.189,0.595,21035
686,22,1,511,274,-1,-1,43560
687,22,2,511,268,0.774,0.387,28956
688,23,1,448,280,-1,-1,65509
689,23,2,438,280,1.29,0.645,46680
690,23,3,439,282,0.288,0.144,31936
691,23,4,440,278,0.532,0.266,22880
692,23,5,440,278,0,0,26384
693,23,6,440,280,0.258,0.129,22928
694,23,7,430,279,1.296,0.648,23087
695,23,8,426,278,0.532,0.266,17407
696,23,9,416,278,1.29,0.645,22219
697,23,10,405,280,1.442,0.721,27950
698,23,11,400,281,0.658,0.329,16502
699,23,12,392,286,1.217,0.608,20893
700,23,13,384,293,1.371,0.686,15617
701,23,14,384,294,0.129,0.065,20132
702,23,15,383,300,0.785,0.392,21740
703,23,16,379,304,0.73,0.365,24449
704,23,17,380,315,1.425,0.712,22820
705,23,18,378,320,0.695,0.347,25381
706,23,19,368,330,1.824,0.912,26979
707,23,20,364,334,0.73,0.365,29978
708,23,21,363,344,1.296,0.648,33853
709,23,22,363,347,0.387,0.194,31879
710,23,23,365,354,0.939,0.47,34830
711,23,24,367,362,1.064,0.532,38327
712,23,25,370,379,2.227,1.113,41009
713,23,26,376,384,1.008,0.504,36246
714,23,27,379,384,0.387,0.194,32772
715,23,28,381,388,0.577,0.288,35495
716,23,29,378,388,0.387,0.194,52299
717,23,30,366,392,1.632,0.816,65508
718,23,31,361,384,1.217,0.608,26602
719,23,32,356,377,1.11,0.555,18152
720,23,33,348,376,1.04,0.52,21625
721,23,34,343,378,0.695,0.347,19148
722,23,35,343,380,0.258,0.129,17004
723,23,36,341,380,0.258,0.129,19097
724,23,37,339,376,0.577,0.288,17989
725,23,38,338,375,0.182,0.091,20633
726,23,39,335,372,0.547,0.274,20467
727,23,40,337,370,0.365,0.182,22440
728,23,41,337,370,0,0,21170
729,23,42,337,365,0.645,0.323,18367
730,23,43,337,365,0,0,19760
731,23,44,331,360,1.008,0.504,22759
732,23,45,324,355,1.11,0.555,15350
733,23,46,320,355,0.516,0.258,20026
734,23,47,312,351,1.154,0.577,23450
735,23,48,308,350,0.532,0.266,21938
736,23,49,301,347,0.982,0.491,26267
737,23,50,303,342,0.695,0.347,23257
738,23,51,305,338,0.577,0.288,20593
739,23,52,306,330,1.04,0.52,27684
740,23,53,308,326,0.577,0.288,23440
741,23,54,310,323,0.465,0.233,21407
742,23,55,312,318,0.695,0.347,23411
743,23,56,312,314,0.516,0.258,25958
744,23,57,309,310,0.645,0.323,29927
745,23,58,304,309,0.658,0.329,24228
746,23,59,300,301,1.154,0.577,29279
747,23,60,296,294,1.04,0.52,34809
748,23,61,293,294,0.387,0.194,34329
749,23,62,291,293,0.288,0.144,30780
750,23,63,287,290,0.645,0.323,36556
751,23,64,286,286,0.532,0.266,39388
752,23,65,287,286,0.129,0.065,40036
753,23,66,285,283,0.465,0.233,36352
754,23,67,283,278,0.695,0.347,47877
755,23,68,283,276,0.258,0.129,51232
756,23,69,281,276,0.258,0.129,51724
757,23,70,283,279,0.465,0.233,53044
758,23,71,286,280,0.408,0.204,36477
759,23,72,286,279,0.129,0.065,38459
760,23,73,283,279,0.387,0.194,37173
761,25,1,478,292,-1,-1,51721
762,25,2,479,284,1.04,0.52,38915
763,25,3,481,283,0.288,0.144,29401
764,25,4,482,280,0.408,0.204,23673
765,25,5,482,278,0.258,0.129,19175
766,25,6,482,274,0.516,0.258,18265
767,25,7,478,262,1.632,0.816,13124
768,25,8,473,256,1.008,0.504,17624
769,25,9,467,252,0.93,0.465,14904
770,25,10,464,250,0.465,0.233,18451
771,25,11,464,254,0.516,0.258,13952
772,25,12,462,258,0.577,0.288,19044
773,25,13,459,266,1.102,0.551,18538
774,25,14,456,275,1.224,0.612,15465
775,25,15,454,282,0.939,0.47,20263
776,25,16,451,286,0.645,0.323,18509
777,25,17,441,292,1.504,0.752,16869
778,25,18,434,294,0.939,0.47,17954
779,25,19,434,306,1.548,0.774,19681
780,25,20,431,314,1.102,0.551,23894
781,25,21,430,329,1.939,0.97,25631
782,25,22,423,339,1.575,0.787,19366
783,25,23,420,339,0.387,0.194,17563
784,25,24,417,338,0.408,0.204,19908
785,25,25,416,336,0.288,0.144,21093
786,25,26,418,338,0.365,0.182,18907
787,25,27,416,331,0.939,0.47,26519
788,25,28,414,314,2.208,1.104,25016
789,25,29,400,297,2.841,1.42,26926
790,25,30,382,302,2.41,1.205,34112
791,25,31,388,297,1.008,0.504,38250
792,25,32,390,301,0.577,0.288,65514
793,25,33,378,308,1.792,0.896,65507
794,25,34,383,319,1.559,0.779,29316
795,25,35,394,327,1.755,0.877,23849
796,25,36,395,327,0.129,0.065,24314
797,25,37,392,325,0.465,0.233,18566
798,25,38,386,321,0.93,0.465,17521
799,25,39,384,319,0.365,0.182,16760
800,25,40,385,319,0.129,0.065,15561
801,25,41,384,318,0.182,0.091,12810
802,25,42,384,314,0.516,0.258,14035
803,25,43,379,309,0.912,0.456,15248
804,25,44,374,306,0.752,0.376,19102
805,25,45,372,304,0.365,0.182,13767
806,25,46,376,304,0.516,0.258,13642
807,25,47,374,296,1.064,0.532,17040
808,25,48,368,295,0.785,0.392,18095
809,25,49,361,290,1.11,0.555,14058
810,25,50,354,285,1.11,0.555,16516
811,25,51,349,281,0.826,0.413,18867
812,25,52,346,273,1.102,0.551,17391
813,25,53,349,267,0.865,0.433,18334
814,25,54,352,260,0.982,0.491,21082
815,25,55,340,254,1.731,0.865,21362
816,25,56,330,247,1.575,0.787,21771
817,25,57,323,238,1.471,0.735,19055
818,25,58,320,230,1.102,0.551,18331
819,25,59,319,220,1.296,0.648,21140
820,25,60,316,215,0.752,0.376,22229
821,25,61,310,208,1.189,0.595,25486
822,25,62,306,196,1.632,0.816,25227
823,25,63,307,188,1.04,0.52,24446
824,25,64,307,179,1.161,0.581,30197
825,25,65,309,169,1.316,0.658,23130
826,25,66,313,155,1.878,0.939,27287
827,25,67,318,145,1.442,0.721,18742
828,25,68,317,134,1.425,0.712,24884
829,25,69,320,128,0.865,0.433,38397
830,25,70,323,122,0.865,0.433,35107
831,25,71,327,122,0.516,0.258,34121
832,25,72,325,128,0.816,0.408,36386
833,25,73,328,118,1.347,0.673,23602
834,27,1,497,309,-1,-1,38024
835,27,2,500,305,0.645,0.323,16678
836,27,3,504,300,0.826,0.413,11540
837,27,4,504,293,0.903,0.452,12334
838,27,5,504,289,0.516,0.258,15183
839,27,6,506,281,1.064,0.532,14741
840,27,7,501,276,0.912,0.456,14772
841,27,8,498,274,0.465,0.233,12473
842,27,9,494,274,0.516,0.258,12911
843,27,10,484,279,1.442,0.721,17327
844,27,11,480,282,0.645,0.323,13869
845,27,12,483,296,1.847,0.923,15871
846,27,13,483,317,2.709,1.355,19119
847,27,14,483,321,0.516,0.258,27791
848,27,15,493,327,1.504,0.752,26429
849,27,16,505,338,2.1,1.05,32163
850,27,17,511,340,0.816,0.408,29297
851,28,1,368,309,-1,-1,65516
852,28,2,378,294,2.326,1.163,61530
853,28,3,384,292,0.816,0.408,46800
854,28,4,377,288,1.04,0.52,54064
855,28,5,372,293,0.912,0.456,41279
856,28,6,367,298,0.912,0.456,42587
857,28,7,355,304,1.731,0.865,35031
858,28,8,347,315,1.755,0.877,23056
859,28,9,335,326,2.1,1.05,28188
860,28,10,332,339,1.721,0.861,19815
861,28,11,326,353,1.965,0.982,20276
862,28,12,318,364,1.755,0.877,21229
863,28,13,311,374,1.575,0.787,24900
864,28,14,313,396,2.85,1.425,24720
865,28,15,321,410,2.08,1.04,17210
866,28,16,324,425,1.973,0.987,21894
867,28,17,318,432,1.189,0.595,15887
868,28,18,309,437,1.328,0.664,21995
869,28,19,314,460,3.036,1.518,14313
870,28,20,317,470,1.347,0.673,23361
871,28,21,318,477,0.912,0.456,29069
872,28,22,314,482,0.826,0.413,27803
873,28,23,306,480,1.064,0.532,19666
874,28,24,293,473,1.905,0.952,22309
875,28,25,286,464,1.471,0.735,23088
876,28,26,276,452,2.015,1.008,17752
877,28,27,254,424,4.594,2.297,41788
878,28,28,246,400,3.263,1.632,24836
879,28,29,246,378,2.838,1.419,25651
880,28,30,251,360,2.41,1.205,20877
881,28,31,241,341,2.77,1.385,28401
882,28,32,224,320,3.485,1.743,32495
883,28,33,208,312,2.308,1.154,26598
884,28,34,199,314,1.189,0.595,27096
885,28,35,196,309,0.752,0.376,24362
886,28,36,188,304,1.217,0.608,28132
887,28,37,181,301,0.982,0.491,23707
888,28,38,179,293,1.064,0.532,27529
889,28,39,180,299,0.785,0.392,29918
890,28,40,174,312,1.847,0.923,35536
891,28,41,164,317,1.442,0.721,28585
892,28,42,161,310,0.982,0.491,24992
893,28,43,160,296,1.811,0.905,15356
894,28,44,160,282,1.806,0.903,38713
895,28,45,158,269,1.697,0.848,36315
896,28,46,148,259,1.824,0.912,36981
897,28,47,148,259,0,0,63667
898,28,48,133,266,2.135,1.068,65513
899,28,49,136,271,0.752,0.376,34019
900,28,50,128,271,1.032,0.516,26183
901,28,51,114,282,2.297,1.148,20914
902,28,52,110,286,0.73,0.365,20697
903,28,53,106,288,0.577,0.288,16327
904,28,54,102,287,0.532,0.266,19989
905,28,55,98,286,0.532,0.266,14493
906,28,56,92,287,0.785,0.392,20689
907,28,57,94,290,0.465,0.233,15124
908,28,58,95,294,0.532,0.266,20527
909,28,59,93,294,0.258,0.129,18562
910,28,60,77,297,2.1,1.05,18957
911,28,61,58,322,4.051,2.025,20197
912,28,62,61,326,0.645,0.323,15333
913,28,63,70,332,1.395,0.698,13336
914,28,64,75,334,0.695,0.347,17895
915,28,65,80,338,0.826,0.413,15745
916,28,66,78,344,0.816,0.408,15401
917,28,67,84,344,0.774,0.387,15026
918,28,68,89,340,0.826,0.413,16272
919,28,69,100,336,1.51,0.755,15587
920,28,70,106,330,1.095,0.547,13874
921,28,71,121,326,2.003,1.001,11730
922,28,72,130,327,1.168,0.584,12766
923,28,73,130,325,0.258,0.129,12799
924,30,1,301,344,-1,-1,64019
925,30,2,302,335,1.168,0.584,58840
926,30,3,292,321,2.219,1.11,62656
927,30,4,288,320,0.532,0.266,46878
928,30,5,300,318,1.569,0.785,52799
929,30,6,285,311,2.135,1.068,57971
930,30,7,293,316,1.217,0.608,65513
931,30,8,287,332,2.204,1.102,30039
932,30,9,280,341,1.471,0.735,15738
933,30,10,272,361,2.779,1.389,28396
934,30,11,279,364,0.982,0.491,17798
935,30,12,274,355,1.328,0.664,22066
936,30,13,272,349,0.816,0.408,23279
937,30,14,270,352,0.465,0.233,22758
938,30,15,265,356,0.826,0.413,20041
939,30,16,264,360,0.532,0.266,21696
940,30,17,266,376,2.08,1.04,22278
941,30,18,264,390,1.824,0.912,25580
942,30,19,262,400,1.316,0.658,28285
943,30,20,266,409,1.271,0.635,25651
944,30,21,269,423,1.847,0.923,23815
945,30,22,273,424,0.532,0.266,27090
946,30,23,266,419,1.11,0.555,22542
947,30,24,264,410,1.189,0.595,21864
948,30,25,263,401,1.168,0.584,22282
949,30,26,259,388,1.755,0.877,27934
950,30,27,257,377,1.442,0.721,25313
951,30,28,266,362,2.257,1.128,21352
952,30,29,272,350,1.731,0.865,28920
953,30,30,275,338,1.596,0.798,34646
954,30,31,271,329,1.271,0.635,38302
955,30,32,271,311,2.322,1.161,23741
956,30,33,266,306,0.912,0.456,29416
957,30,34,264,300,0.816,0.408,38659
958,30,35,260,290,1.389,0.695,32264
959,30,36,260,287,0.387,0.194,37770
960,30,37,255,284,0.752,0.376,35787
961,30,38,252,282,0.465,0.233,35299
962,30,39,249,288,0.865,0.433,34162
963,30,40,248,286,0.288,0.144,34344
964,30,41,251,286,0.387,0.194,39606
965,30,42,246,284,0.695,0.347,35037
966,30,43,241,274,1.442,0.721,32145
967,30,44,236,268,1.008,0.504,39196
968,30,45,241,266,0.695,0.347,35208
969,30,46,237,264,0.577,0.288,38299
970,30,47,228,260,1.271,0.635,39838
971,30,48,221,256,1.04,0.52,43173
972,30,49,221,246,1.29,0.645,40890
973,30,50,215,235,1.616,0.808,38954
974,30,51,204,230,1.559,0.779,51540
975,30,52,200,233,0.645,0.323,40824
976,30,53,198,227,0.816,0.408,42522
977,30,54,202,224,0.645,0.323,47942
978,30,55,202,210,1.806,0.903,65089
979,30,56,206,213,0.645,0.323,65303
980,30,57,198,213,1.032,0.516,64877
981,30,58,193,208,0.912,0.456,46055
982,30,59,193,208,0,0,36532
983,30,60,195,208,0.258,0.129,34198
984,30,61,194,202,0.785,0.392,27235
985,30,62,192,197,0.695,0.347,34890
986,30,63,188,197,0.516,0.258,36169
987,30,64,191,200,0.547,0.274,32085
988,30,65,192,199,0.182,0.091,35306
989,30,66,195,206,0.982,0.491,29768
990,30,67,201,210,0.93,0.465,37836
991,30,68,201,210,0,0,41567
992,30,69,198,210,0.387,0.194,54109
993,30,70,200,214,0.577,0.288,37540
994,30,71,201,216,0.288,0.144,42004
995,30,72,200,208,1.04,0.52,52357
996,30,73,196,201,1.04,0.52,48746
997,32,1,249,347,-1,-1,57717
998,32,2,253,373,3.393,1.697,65265
999,32,3,274,391,3.568,1.784,48360
1000,32,4,296,410,3.75,1.875,61625
1001,32,5,322,393,4.007,2.004,52977
1002,32,6,346,393,3.096,1.548,57246
1003,32,7,373,402,3.671,1.836,50348
1004,32,8,406,428,5.42,2.71,63415
1005,32,9,406,428,0,0,56934
1006,32,10,412,428,0.774,0.387,65517
1007,32,11,442,424,3.904,1.952,36602
1008,32,12,472,414,4.079,2.04,37984
1009,32,13,478,420,1.095,0.547,31692
1010,32,14,491,430,2.116,1.058,31488
1011,32,15,494,450,2.609,1.304,39558
1012,32,16,500,464,1.965,0.982,28194
1013,32,17,504,468,0.73,0.365,21391
1014,32,18,510,461,1.189,0.595,17573
1015,32,19,506,452,1.271,0.635,17217
1016,32,20,506,440,1.548,0.774,17070
1017,32,21,505,432,1.04,0.52,12119
1018,32,22,502,430,0.465,0.233,20150
1019,32,23,498,424,0.93,0.465,17613
1020,32,24,494,419,0.826,0.413,18287
1021,32,25,494,408,1.419,0.71,18861
1022,32,26,492,399,1.189,0.595,22124
1023,32,27,493,397,0.288,0.144,27465
1024,32,28,484,390,1.471,0.735,25554
1025,32,29,476,387,1.102,0.551,26297
1026,32,30,472,383,0.73,0.365,25348
1027,32,31,464,374,1.553,0.777,20057
1028,32,32,456,361,1.969,0.985,20750
1029,32,33,458,355,0.816,0.408,23491
1030,32,34,460,356,0.288,0.144,29549
1031,32,35,456,355,0.532,0.266,25822
1032,32,36,451,352,0.752,0.376,22232
1033,32,37,443,350,1.064,0.532,17879
1034,32,38,434,347,1.224,0.612,22177
1035,32,39,427,342,1.11,0.555,24753
1036,32,40,424,347,0.752,0.376,29556
1037,32,41,426,347,0.258,0.129,29163
1038,32,42,432,343,0.93,0.465,25083
1039,32,43,436,338,0.826,0.413,19127
1040,32,44,440,334,0.73,0.365,28080
1041,32,45,446,332,0.816,0.408,25730
1042,32,46,452,331,0.785,0.392,31345
1043,32,47,454,326,0.695,0.347,27077
1044,32,48,456,324,0.365,0.182,31503
1045,32,49,457,320,0.532,0.266,38591
1046,32,50,457,314,0.774,0.387,29399
1047,32,51,457,309,0.645,0.323,32689
1048,32,52,454,306,0.547,0.274,43587
1049,32,53,458,296,1.389,0.695,47126
1050,32,54,461,292,0.645,0.323,43959
1051,32,55,458,286,0.865,0.433,40978
1052,32,56,451,274,1.792,0.896,61940
1053,32,57,453,278,0.577,0.288,65257
1054,32,58,447,267,1.616,0.808,65324
1055,32,59,440,264,0.982,0.491,44342
1056,32,60,434,256,1.29,0.645,36456
1057,32,61,431,243,1.721,0.861,24893
1058,32,62,437,236,1.189,0.595,17412
1059,32,63,434,234,0.465,0.233,12386
1060,32,64,431,229,0.752,0.376,17890
1061,32,65,436,234,0.912,0.456,23306
1062,32,66,441,226,1.217,0.608,34917
1063,32,67,444,213,1.721,0.861,24979
1064,32,68,441,203,1.347,0.673,18800
1065,32,69,448,204,0.912,0.456,31826
1066,32,70,454,200,0.93,0.465,19044
1067,32,71,458,202,0.577,0.288,18065
1068,32,72,461,202,0.387,0.194,14137
1069,32,73,466,197,0.912,0.456,16142
1070,34,1,394,342,-1,-1,55611
1071,34,2,398,342,0.516,0.258,48490
1072,34,3,398,340,0.258,0.129,28802
1073,34,4,387,336,1.51,0.755,23400
1074,34,5,386,336,0.129,0.065,14305
1075,34,6,388,344,1.064,0.532,14159
1076,34,7,388,344,0,0,18327
1077,34,8,376,347,1.596,0.798,14138
1078,34,9,351,375,4.842,2.421,18141
1079,34,10,359,396,2.899,1.449,14567
1080,34,11,372,404,1.969,0.985,18197
1081,34,12,398,418,3.809,1.905,15568
1082,34,13,438,429,5.352,2.676,19490
1083,34,14,447,442,2.04,1.02,15901
1084,34,15,454,441,0.912,0.456,16423
1085,34,16,451,446,0.752,0.376,10326
1086,34,17,421,450,3.904,1.952,12519
1087,34,18,411,455,1.442,0.721,20438
1088,34,19,405,458,0.865,0.433,15007
1089,34,20,403,459,0.288,0.144,12660
1090,34,21,400,464,0.752,0.376,16450
1091,34,22,404,472,1.154,0.577,22549
1092,34,23,414,470,1.316,0.658,19742
1093,34,24,423,478,1.553,0.777,30718
1094,34,25,432,486,1.553,0.777,26128
1095,34,26,440,490,1.154,0.577,30527
1096,34,27,454,492,1.824,0.912,29354
1097,34,28,461,502,1.575,0.787,30563
1098,34,29,456,507,0.912,0.456,37193
1099,34,30,452,503,0.73,0.365,65503
1100,34,31,446,487,2.204,1.102,59614
1101,34,32,434,484,1.596,0.798,28743
1102,34,33,419,484,1.935,0.968,29482
1103,34,34,403,486,2.08,1.04,24498
1104,34,35,386,490,2.253,1.126,10079
1105,34,36,380,482,1.29,0.645,16929
1106,34,37,370,476,1.504,0.752,14451
1107,34,38,362,466,1.652,0.826,16557
1108,34,39,364,469,0.465,0.233,25596
1109,34,40,359,470,0.658,0.329,16789
1110,34,41,356,480,1.347,0.673,17634
1111,34,42,346,495,2.326,1.163,25207
1112,34,43,346,497,0.258,0.129,20940
1113,34,44,342,502,0.826,0.413,20819
1114,34,45,342,486,2.064,1.032,16070
1115,34,46,339,481,0.752,0.376,25591
1116,34,47,334,470,1.559,0.779,28230
1117,34,48,338,460,1.389,0.695,30069
1118,34,49,342,451,1.271,0.635,14483
1119,34,50,348,446,1.008,0.504,25324
1120,34,51,348,436,1.29,0.645,22961
1121,34,52,351,427,1.224,0.612,34701
1122,34,53,353,418,1.189,0.595,26888
1123,34,54,359,406,1.731,0.865,30181
1124,34,55,362,392,1.847,0.923,21359
1125,34,56,364,378,1.824,0.912,30542
1126,34,57,366,368,1.316,0.658,21134
1127,34,58,371,356,1.677,0.839,22755
1128,34,59,366,348,1.217,0.608,21248
1129,34,60,362,340,1.154,0.577,27730
1130,34,61,355,332,1.371,0.686,30927
1131,34,62,350,321,1.559,0.779,28175
1132,34,63,345,310,1.559,0.779,27737
1133,34,64,344,299,1.425,0.712,29394
1134,34,65,348,287,1.632,0.816,33366
1135,34,66,356,280,1.371,0.686,26859
1136,34,67,357,272,1.04,0.52,30513
1137,34,68,360,268,0.645,0.323,54018
1138,34,69,364,256,1.632,0.816,41395
1139,34,70,364,248,1.032,0.516,39300
1140,34,71,362,247,0.288,0.144,65419
1141,34,72,348,252,1.918,0.959,65349
1142,34,73,352,258,0.93,0.465,33171
1143,36,1,377,378,-1,-1,36974
1144,36,2,364,345,4.575,2.288,28726
1145,36,3,356,334,1.755,0.877,17376
1146,36,4,347,337,1.224,0.612,12230
1147,36,5,342,343,1.008,0.504,20399
1148,36,6,332,348,1.442,0.721,15524
1149,36,7,316,359,2.505,1.252,8509
1150,36,8,320,376,2.253,1.126,12084
1151,36,9,308,389,2.282,1.141,12040
1152,36,10,298,400,1.918,0.959,10597
1153,36,11,290,402,1.064,0.532,17044
1154,36,12,268,408,2.942,1.471,14169
1155,36,13,258,411,1.347,0.673,16051
1156,36,14,252,419,1.29,0.645,15054
1157,36,15,244,424,1.217,0.608,16942
1158,36,16,241,434,1.347,0.673,13511
1159,36,17,234,424,1.575,0.787,9876
1160,36,18,246,446,3.233,1.616,16276
1161,36,19,261,467,3.329,1.665,23113
1162,36,20,277,502,4.964,2.482,20229
1163,37,1,316,392,-1,-1,49807
1164,37,2,326,392,1.29,0.645,46069
1165,37,3,340,383,2.147,1.073,37895
1166,37,4,372,394,4.365,2.183,28416
1167,37,5,401,430,5.963,2.982,42289
1168,37,6,450,434,6.342,3.171,32438
1169,37,7,481,418,4.5,2.25,22003
1170,37,8,504,419,2.97,1.485,19578
1171,38,1,196,392,-1,-1,46677
1172,38,2,208,390,1.569,0.785,37012
1173,38,3,208,386,0.516,0.258,24988
1174,38,4,192,393,2.253,1.126,26717
1175,38,5,185,409,2.253,1.126,29252
1176,38,6,169,418,2.368,1.184,25982
1177,38,7,158,412,1.616,0.808,21294
1178,38,8,162,412,0.516,0.258,20636
1179,38,9,180,406,2.448,1.224,31163
1180,38,10,202,395,3.173,1.586,30563
1181,38,11,224,381,3.364,1.682,19564
1182,38,12,227,378,0.547,0.274,23920
1183,38,13,230,377,0.408,0.204,24651
1184,38,14,226,378,0.532,0.266,24691
1185,38,15,226,384,0.774,0.387,23102
1186,38,16,216,387,1.347,0.673,33963
1187,38,17,201,393,2.084,1.042,29782
1188,38,18,200,393,0.129,0.065,33620
1189,38,19,203,388,0.752,0.376,37701
1190,38,20,215,386,1.569,0.785,42187
1191,38,21,229,387,1.811,0.905,38790
1192,38,22,224,386,0.658,0.329,65505
1193,38,23,214,393,1.575,0.787,53419
1194,38,24,228,373,3.149,1.575,37860
1195,38,25,232,354,2.505,1.252,29981
1196,38,26,226,344,1.504,0.752,22341
1197,38,27,220,356,1.731,0.865,21963
1198,38,28,212,352,1.154,0.577,23500
1199,38,29,209,349,0.547,0.274,21219
1200,38,30,200,340,1.642,0.821,21657
1201,38,31,189,328,2.1,1.05,23417
1202,38,32,180,334,1.395,0.698,24585
1203,38,33,182,341,0.939,0.47,21892
1204,38,34,192,349,1.652,0.826,21946
1205,38,35,207,340,2.257,1.128,31907
1206,38,36,229,321,3.75,1.875,26814
1207,38,37,234,319,0.695,0.347,26707
1208,38,38,229,321,0.695,0.347,23198
1209,38,39,215,331,2.219,1.11,18013
1210,38,40,206,332,1.168,0.584,14684
1211,38,41,206,336,0.516,0.258,22910
1212,38,42,202,332,0.73,0.365,21149
1213,38,43,205,321,1.471,0.735,18330
1214,38,44,204,308,1.682,0.841,16487
1215,38,45,202,294,1.824,0.912,16688
1216,38,46,199,287,0.982,0.491,21258
1217,38,47,193,278,1.395,0.698,17779
1218,38,48,180,276,1.697,0.848,23039
1219,38,49,170,289,2.116,1.058,22392
1220,38,50,158,296,1.792,0.896,13041
1221,38,51,153,302,1.008,0.504,19168
1222,38,52,146,308,1.189,0.595,22144
1223,38,53,139,307,0.912,0.456,14891
1224,38,54,140,301,0.785,0.392,19223
1225,38,55,140,294,0.903,0.452,18409
1226,38,56,136,284,1.389,0.695,13512
1227,38,57,138,282,0.365,0.182,21856
1228,38,58,144,282,0.774,0.387,24488
1229,38,59,147,279,0.547,0.274,21801
1230,38,60,150,277,0.465,0.233,20043
1231,38,61,153,275,0.465,0.233,21136
1232,38,62,159,274,0.785,0.392,17601
1233,38,63,174,268,2.084,1.042,25018
1234,38,64,180,267,0.785,0.392,22773
1235,38,65,190,270,1.347,0.673,30669
1236,38,66,195,267,0.752,0.376,65390
1237,38,67,183,256,2.1,1.05,65419
1238,38,68,175,252,1.154,0.577,25341
1239,38,69,170,238,1.918,0.959,24335
1240,38,70,168,218,2.593,1.296,23980
1241,38,71,168,198,2.58,1.29,16679
1242,38,72,167,188,1.296,0.648,24088
1243,38,73,160,182,1.189,0.595,21983
1244,40,1,255,410,-1,-1,63671
1245,40,2,296,422,5.511,2.755,65512
1246,40,3,323,424,3.493,1.746,52434
1247,40,4,350,448,4.66,2.33,50472
1248,40,5,396,477,7.015,3.507,53825
1249,40,6,388,498,2.899,1.449,30582
1250,41,1,161,468,-1,-1,47182
1251,41,2,164,469,0.408,0.204,45636
1252,41,3,163,460,1.168,0.584,60323
1253,41,4,160,465,0.752,0.376,65514
1254,41,5,153,470,1.11,0.555,28700
1255,41,6,140,478,1.969,0.985,22763
1256,41,7,138,474,0.577,0.288,18671
1257,41,8,133,468,1.008,0.504,19513
1258,41,9,132,462,0.785,0.392,20872
1259,41,10,132,452,1.29,0.645,20006
1260,41,11,139,437,2.135,1.068,24828
1261,41,12,138,423,1.811,0.905,15343
1262,41,13,151,424,1.682,0.841,14465
1263,41,14,178,405,4.259,2.129,26272
1264,41,15,169,404,1.168,0.584,19641
1265,41,16,171,409,0.695,0.347,23505
1266,41,17,158,420,2.197,1.098,33139
1267,41,18,152,410,1.504,0.752,24700
1268,41,19,157,411,0.658,0.329,24736
1269,41,20,160,410,0.408,0.204,22932
1270,41,21,164,408,0.577,0.288,18267
1271,41,22,164,408,0,0,21992
1272,41,23,156,399,1.553,0.777,21488
1273,41,24,156,399,0,0,19968
1274,41,25,156,399,0,0,19576
1275,41,26,172,408,2.368,1.184,22445
1276,41,27,178,404,0.93,0.465,18512
1277,41,28,182,391,1.755,0.877,16935
1278,41,29,179,382,1.224,0.612,18796
1279,41,30,172,374,1.371,0.686,21846
1280,41,31,165,378,1.04,0.52,21628
1281,41,32,168,380,0.465,0.233,20666
1282,41,33,175,383,0.982,0.491,19451
1283,41,34,182,386,0.982,0.491,20032
1284,41,35,169,373,2.372,1.186,20368
1285,41,36,156,368,1.797,0.898,17006
1286,41,37,153,368,0.387,0.194,25052
1287,41,38,158,373,0.912,0.456,24380
1288,41,39,186,369,3.649,1.824,25962
1289,41,40,194,369,1.032,0.516,26840
1290,41,41,194,369,0,0,21611
1291,41,42,189,362,1.11,0.555,28376
1292,41,43,192,354,1.102,0.551,23821
1293,41,44,188,349,0.826,0.413,25211
1294,41,45,181,342,1.277,0.639,26330
1295,41,46,177,337,0.826,0.413,26615
1296,41,47,172,328,1.328,0.664,35274
1297,41,48,170,330,0.365,0.182,65513
1298,41,49,155,342,2.478,1.239,65511
1299,41,50,144,346,1.51,0.755,23466
1300,41,51,137,349,0.982,0.491,24462
1301,41,52,125,351,1.569,0.785,21073
1302,41,53,122,350,0.408,0.204,22647
1303,41,54,123,345,0.658,0.329,23951
1304,41,55,126,338,0.982,0.491,15770
1305,41,56,132,330,1.29,0.645,21990
1306,41,57,139,324,1.189,0.595,20848
1307,41,58,144,324,0.645,0.323,17066
1308,41,59,156,318,1.731,0.865,15763
1309,41,60,165,317,1.168,0.584,10363
1310,41,61,172,316,0.912,0.456,11787
1311,41,62,184,315,1.553,0.777,12436
1312,41,63,198,315,1.806,0.903,8994
1313,41,64,204,318,0.865,0.433,27976
1314,41,65,232,332,4.038,2.019,32619
1315,41,66,251,336,2.505,1.252,17872
1316,41,67,267,335,2.068,1.034,28141
1317,41,68,282,335,1.935,0.968,16311
1318,41,69,292,334,1.296,0.648,21796
1319,41,70,304,332,1.569,0.785,26092
1320,41,71,315,326,1.616,0.808,16020
1321,41,72,323,326,1.032,0.516,20416
1322,41,73,328,322,0.826,0.413,15381
1323,43,1,420,454,-1,-1,63716
1324,43,2,403,488,4.904,2.452,65514
1325,44,1,50,496,-1,-1,42717
1326,44,2,48,490,0.816,0.408,27654
1327,44,3,47,486,0.532,0.266,20519
1328,44,4,40,490,1.04,0.52,16022
1329,44,5,40,486,0.516,0.258,17640
1330,44,6,39,490,0.532,0.266,16545
1331,44,7,37,490,0.258,0.129,16651
1332,44,8,37,490,0,0,14746
1333,44,9,34,488,0.465,0.233,15465
1334,44,10,31,488,0.387,0.194,15438
1335,44,11,33,488,0.258,0.129,16010
1336,44,12,32,489,0.182,0.091,15389
1337,44,13,31,488,0.182,0.091,15597
1338,44,14,31,483,0.645,0.323,20837
1339,44,15,32,479,0.532,0.266,17040
1340,44,16,28,476,0.645,0.323,18993
1341,44,17,24,480,0.73,0.365,20618
1342,44,18,23,482,0.288,0.144,19015
1343,44,19,17,480,0.816,0.408,63439
1344,44,20,12,494,1.918,0.959,39147
1345,44,21,11,492,0.288,0.144,16937
1346,44,22,11,492,0,0,13633
1347,44,23,8,485,0.982,0.491,13814
1348,44,24,5,478,0.982,0.491,15976
1349,44,25,0,469,1.328,0.664,7848
1350,45,1,494,490,-1,-1,23408
1351,45,2,493,483,0.912,0.456,24311
1352,45,3,496,484,0.408,0.204,15483
1353,45,4,496,480,0.516,0.258,10128
1354,45,5,497,477,0.408,0.204,9099
1355,45,6,498,472,0.658,0.329,7854
1356,45,7,501,472,0.387,0.194,7576
1357,45,8,501,476,0.516,0.258,8608
1358,45,9,502,476,0.129,0.065,10204
1359,45,10,496,476,0.774,0.387,9841
1360,45,11,488,475,1.04,0.52,4484
1361,45,12,480,475,1.032,0.516,6846
1362,45,13,476,478,0.645,0.323,8016
1363,45,14,475,483,0.658,0.329,9034
1364,45,15,471,488,0.826,0.413,8760
1365,45,16,468,492,0.645,0.323,5998
1366,45,17,465,496,0.645,0.323,12171
1367,45,18,464,495,0.182,0.091,10031
1368,45,19,462,492,0.465,0.233,11940
1369,45,20,462,488,0.516,0.258,8138
1370,45,21,463,486,0.288,0.144,7296
1371,45,22,467,485,0.532,0.266,7621
1372,45,23,472,484,0.658,0.329,10459
1373,45,24,476,482,0.577,0.288,9354
1374,45,25,477,476,0.785,0.392,8921
1375,45,26,480,475,0.408,0.204,9667
1376,45,27,483,470,0.752,0.376,11958
1377,45,28,482,463,0.912,0.456,17780
1378,45,29,476,461,0.816,0.408,12528
1379,45,30,472,459,0.577,0.288,14320
1380,45,31,468,451,1.154,0.577,12027
1381,45,32,462,451,0.774,0.387,13084
1382,45,33,460,447,0.577,0.288,12065
1383,45,34,456,448,0.532,0.266,12884
1384,45,35,451,452,0.826,0.413,11393
1385,45,36,449,450,0.365,0.182,10295
1386,45,37,448,449,0.182,0.091,11741
1387,45,38,446,445,0.577,0.288,15393
1388,45,39,437,442,1.224,0.612,11223
1389,45,40,433,442,0.516,0.258,35246
1390,45,41,416,438,2.253,1.126,30039
1391,45,42,414,436,0.365,0.182,21118
1392,45,43,419,431,0.912,0.456,15079
1393,45,44,417,426,0.695,0.347,12280
1394,45,45,411,424,0.816,0.408,10328
1395,45,46,409,421,0.465,0.233,13201
1396,45,47,408,417,0.532,0.266,13007
1397,45,48,408,414,0.387,0.194,16698
1398,45,49,410,414,0.258,0.129,14114
1399,45,50,410,412,0.258,0.129,17917
1400,45,51,414,414,0.577,0.288,15439
1401,45,52,418,414,0.516,0.258,16050
1402,45,53,421,410,0.645,0.323,13317
1403,45,54,424,403,0.982,0.491,17758
1404,45,55,430,390,1.847,0.923,20520
1405,45,56,429,382,1.04,0.52,17946
1406,45,57,433,373,1.271,0.635,22521
1407,45,58,430,366,0.982,0.491,20512
1408,45,59,429,358,1.04,0.52,19447
1409,45,60,426,354,0.645,0.323,15063
1410,45,61,426,350,0.516,0.258,16855
1411,45,62,423,342,1.102,0.551,13915
1412,45,63,422,339,0.408,0.204,12563
1413,45,64,424,335,0.577,0.288,12759
1414,45,65,424,331,0.516,0.258,14968
1415,45,66,425,321,1.296,0.648,20985
1416,45,67,424,317,0.532,0.266,20220
1417,45,68,428,310,1.04,0.52,13339
1418,45,69,433,303,1.11,0.555,24092
1419,45,70,435,293,1.316,0.658,15521
1420,45,71,432,286,0.982,0.491,19248
1421,45,72,431,280,0.785,0.392,28203
1422,45,73,432,274,0.785,0.392,35662
1423,47,1,9,510,-1,-1,36372
1424,47,2,9,509,0.129,0.065,16089
1425,47,3,8,510,0.182,0.091,15027
1426,47,4,4,510,0.516,0.258,9230
1427,47,5,4,510,0,0,9033
1428,48,1,184,511,-1,-1,57139
1429,48,2,163,510,2.712,1.356,65513
1430,48,3,159,504,0.93,0.465,47100
1431,48,4,148,510,1.616,0.808,52485
1432,48,5,166,509,2.326,1.163,29285
1433,48,6,166,508,0.129,0.065,22860
1434,48,7,150,506,2.08,1.04,25489
1435,48,8,145,506,0.645,0.323,14554
1436,48,9,151,509,0.865,0.433,16003
1437,48,10,151,509,0,0,16348